{"auc": {"average": 0.9488636363636364, "std": 0.05749041166955855}, "accuracy": {"average": 0.8670289855072463, "std": 0.08239946169450767}, "recall": {"average": 0.8693181818181819, "std": 0.08214109258409635}, "precision": {"average": 0.8775185231435231, "std": 0.07912241973636382}, "f1": {"average": 0.8661357351437443, "std": 0.08310008939273708}}