{"auc": {"average": 0.9194444444444445, "std": 0.07403082606479502}, "accuracy": {"average": 0.8498188405797101, "std": 0.06974261235841349}, "recall": {"average": 0.8511363636363637, "std": 0.0695166062171112}, "precision": {"average": 0.8595984570984572, "std": 0.06850601607047527}, "f1": {"average": 0.848844684301206, "std": 0.07000951280555143}}